{"epoch":3,"val/recall_defect":0.02456215118485149,"val/iou_defect":0.009556702800388122,"_runtime":105,"_step":2,"val/precision_defect":0.18907278914960807,"val/dice_defect":0.01712054601507006,"val/iou_all":0.018472213420882014,"val/loss":0.5136829899704974,"train/loss":0.5153571841262635,"_wandb":{"runtime":105},"_timestamp":1.7675170704401011e+09,"val/dice_all":0.03465085832088976,"train/dice_all":0.0050339879466094984,"best_val_defect_dice":0.01712054601507006,"train/iou_all":0.0026214404570145647}