{"val/loss":0.056799457975379795,"val/dice_defect":0.9029838744864268,"_timestamp":1.7674324189818492e+09,"val/precision_defect":0.9139759798088799,"train/iou_all":0.896122093427749,"_wandb":{"runtime":1107},"train/dice_all":0.9428685199646722,"val/dice_all":0.9006132794463116,"_runtime":1107,"_step":49,"best_val_defect_dice":0.9088784453812901,"val/recall_defect":0.910837642928415,"val/iou_all":0.8219735492830691,"val/iou_defect":0.8366778132535594,"train/loss":0.03296043052382412,"epoch":50}